RA_CODE_2016,Age_yr_55_P,Age_yr_56_M,Age_yr_56_F,Age_yr_56_P,Age_yr_57_M,Age_yr_57_F,Age_yr_57_P,Age_yr_58_M,Age_yr_58_F,Age_yr_58_P,Age_yr_59_M,Age_yr_59_F,Age_yr_59_P,Age_yr_55_59_M,Age_yr_55_59_F,Age_yr_55_59_P,Age_yr_60_M,Age_yr_60_F,Age_yr_60_P,Age_yr_61_M,Age_yr_61_F,Age_yr_61_P,Age_yr_62_M,Age_yr_62_F,Age_yr_62_P,Age_yr_63_M,Age_yr_63_F,Age_yr_63_P,Age_yr_64_M,Age_yr_64_F,Age_yr_64_P,Age_yr_60_64_M,Age_yr_60_64_F,Age_yr_60_64_P,Age_yr_65_M,Age_yr_65_F,Age_yr_65_P,Age_yr_66_M,Age_yr_66_F,Age_yr_66_P,Age_yr_67_M,Age_yr_67_F,Age_yr_67_P,Age_yr_68_M,Age_yr_68_F,Age_yr_68_P,Age_yr_69_M,Age_yr_69_F,Age_yr_69_P,Age_yr_65_69_M,Age_yr_65_69_F,Age_yr_65_69_P,Age_yr_70_M,Age_yr_70_F,Age_yr_70_P,Age_yr_71_M,Age_yr_71_F,Age_yr_71_P,Age_yr_72_M,Age_yr_72_F,Age_yr_72_P,Age_yr_73_M,Age_yr_73_F,Age_yr_73_P,Age_yr_74_M,Age_yr_74_F,Age_yr_74_P,Age_yr_70_74_M,Age_yr_70_74_F,Age_yr_70_74_P,Age_yr_75_M,Age_yr_75_F,Age_yr_75_P,Age_yr_76_M,Age_yr_76_F,Age_yr_76_P,Age_yr_77_M,Age_yr_77_F,Age_yr_77_P,Age_yr_78_M,Age_yr_78_F,Age_yr_78_P,Age_yr_79_M,Age_yr_79_F,Age_yr_79_P,Age_yr_75_79_M,Age_yr_75_79_F,Age_yr_75_79_P,Age_yr_80_84_M,Age_yr_80_84_F,Age_yr_80_84_P,Age_yr_85_89_M,Age_yr_85_89_F,Age_yr_85_89_P,Age_yr_90_94_M,Age_yr_90_94_F,Age_yr_90_94_P,Age_yr_95_99_M,Age_yr_95_99_F,Age_yr_95_99_P,Age_yr_100_yr_over_M,Age_yr_100_yr_over_F,Age_yr_100_yr_over_P,Tot_M,Tot_F,Tot_P
RA10,70364,32608,34639,67249,31525,33078,64597,31272,33588,64862,30365,32471,62840,160241,169659,329902,29411,31458,60869,28272,30475,58747,27432,29637,57067,26955,29183,56136,25514,27817,53328,137579,148576,286156,25351,27196,52544,24752,26802,51555,23802,25482,49281,24327,25672,50005,24699,26422,51122,122932,131579,254509,20991,22555,43550,19642,21198,40836,18977,20368,39348,16352,18205,34560,15847,17674,33524,91809,100003,191815,14883,16848,31733,14288,15988,30273,13190,15450,28641,12214,14797,27011,11706,14238,25950,66283,77326,143609,45903,59580,105482,28955,44523,73483,11472,23216,34689,2231,6091,8322,126,519,642,2744970,2832572,5577538
RA11,20870,9835,10516,20349,9843,10622,20470,9651,10478,20127,9721,10185,19908,49202,52526,101722,9813,9860,19673,9571,10008,19579,9417,10002,19420,9682,9955,19639,9551,9884,19435,48038,49713,97750,9550,9807,19359,9520,9515,19034,9141,9461,18602,9246,9339,18587,9916,10044,19958,47377,48162,95540,8082,8172,16257,7852,8087,15938,7577,7806,15383,6685,7079,13761,6592,6760,13352,36779,37910,74691,5963,6283,12245,5588,6030,11623,5195,5709,10902,4822,5298,10114,4611,5155,9769,26181,28469,54653,16974,20740,37719,10124,14738,24865,3592,7148,10737,656,1886,2541,43,241,288,697786,723206,1420993
RA12,7168,3445,3475,6919,3495,3446,6934,3361,3352,6712,3494,3376,6866,17405,17205,34607,3446,3242,6686,3413,3361,6774,3341,3139,6489,3392,3240,6629,3305,3107,6413,16906,16084,32989,3320,3132,6451,3356,3050,6414,3174,2926,6094,3172,2894,6063,3433,3159,6589,16454,15154,31613,2816,2630,5444,2648,2440,5094,2502,2350,4850,2183,2055,4239,2273,2189,4463,12421,11664,24087,1984,1965,3948,1861,1875,3741,1796,1788,3580,1659,1612,3269,1548,1606,3161,8850,8847,17699,5594,6220,11813,3043,4355,7394,1004,1989,2995,212,553,770,18,68,90,217654,216382,434034
RA13,458,217,194,409,277,183,460,195,226,419,224,193,417,1166,996,2169,245,193,439,236,159,395,196,149,347,202,153,352,177,157,332,1052,817,1869,187,134,324,206,155,364,147,157,305,194,129,324,195,140,344,940,714,1652,142,121,259,154,120,274,137,125,258,112,110,217,143,119,264,681,592,1271,122,111,233,130,89,218,90,103,199,93,94,188,71,82,156,509,483,990,317,297,611,158,210,367,37,94,133,11,25,30,0,0,0,15080,14214,29298
RA14,108,59,41,103,36,43,79,41,31,74,43,37,82,234,195,438,44,30,77,55,32,88,44,33,77,36,27,64,44,30,68,221,150,373,36,27,64,39,28,66,40,15,58,34,32,62,34,26,65,182,125,305,26,25,50,31,17,46,26,20,47,21,23,48,33,17,49,135,100,238,12,16,28,15,14,32,23,5,26,13,12,32,9,12,20,78,58,135,47,42,87,22,27,40,12,19,25,0,3,3,0,0,0,2999,2669,5664
RA15,13,5,3,8,0,6,6,0,4,4,0,3,3,12,23,35,5,6,13,0,3,3,0,3,3,4,8,10,4,6,16,16,26,42,3,7,7,4,10,7,6,10,13,8,12,21,5,10,12,26,36,63,4,3,10,0,9,9,3,4,6,4,5,12,3,9,12,21,28,46,0,10,8,0,0,0,0,4,3,0,3,4,0,3,3,5,14,22,10,10,19,3,7,7,3,0,3,0,0,0,0,0,0,171,239,412
RA19,190,100,60,154,103,61,165,110,80,185,94,70,159,514,341,850,119,100,225,77,74,157,94,75,173,88,79,160,90,67,153,477,391,866,114,80,191,88,69,157,74,61,138,90,56,147,94,55,145,458,326,779,81,41,124,69,30,95,39,33,73,37,27,57,40,15,62,266,154,413,37,24,61,26,17,46,28,11,38,22,16,32,11,11,24,121,78,199,43,38,83,25,27,47,4,19,26,3,3,4,0,0,0,7351,4939,12288
RA20,55105,25627,27613,53238,24973,26282,51258,24168,26326,50489,23382,25234,48611,124890,133806,258703,23575,24898,48470,21871,23914,45786,20947,23289,44234,20649,22734,43384,20010,22036,42046,107056,116867,223926,19650,21769,41417,18771,21045,39811,18441,20313,38757,18260,20713,38969,19390,21411,40805,94509,105250,199757,16252,17803,34059,14815,16509,31317,14367,16215,30588,12622,14338,26962,12554,14290,26844,70602,79161,149762,11698,13428,25128,11348,13127,24473,10552,12469,23023,9941,12126,22067,9403,11498,20900,52937,62648,115588,37103,48642,85749,23341,35273,58607,9018,17655,26670,1787,4669,6452,156,624,780,2232314,2323878,4556193
RA21,16364,7700,8110,15806,7818,8287,16104,7591,8060,15649,7454,7858,15311,38452,40795,79240,7685,8046,15728,7432,7936,15366,7474,7817,15289,7506,7848,15361,7469,7548,15015,37566,39191,76760,7305,7707,15012,7322,7660,14977,6929,7136,14063,6950,6978,13930,7331,7550,14887,35839,37030,72867,6220,6120,12343,5688,5784,11477,5362,5654,11017,4856,4921,9779,4856,5012,9876,26980,27500,54485,4474,4487,8965,3940,4324,8264,3890,4028,7922,3328,3903,7232,3231,3452,6684,18864,20201,39068,12112,14862,26970,7158,10737,17902,2676,5256,7934,466,1407,1878,78,216,293,548523,567422,1115946
RA22,3794,1860,1871,3729,1908,1850,3756,1920,1905,3829,1918,1924,3840,9442,9510,18947,1794,1859,3656,1900,1863,3769,1810,1750,3560,1966,1881,3849,1908,1720,3627,9384,9076,18462,1890,1792,3683,1934,1789,3727,1804,1710,3515,1811,1720,3526,1967,1744,3712,9410,8750,18157,1575,1389,2960,1496,1414,2907,1279,1299,2578,1237,1221,2457,1327,1310,2631,6909,6626,13538,1151,1172,2326,1066,1071,2139,974,1082,2059,939,968,1907,845,948,1793,4975,5241,10217,3234,3789,7017,1914,2738,4651,724,1361,2085,162,347,508,22,55,79,121298,122533,243825
RA23,65,21,30,55,27,27,53,27,31,64,27,35,63,145,145,295,33,32,68,29,26,58,36,22,59,37,23,59,27,29,57,163,136,304,27,31,59,39,28,63,27,24,50,23,35,54,51,25,73,165,140,305,29,33,64,34,22,51,16,17,33,22,20,39,29,26,55,130,113,243,27,14,45,16,18,35,16,8,20,16,19,40,18,8,26,94,66,162,50,54,111,39,36,74,12,10,24,0,6,8,0,0,0,1586,1471,3059
RA25,0,0,0,0,0,0,0,3,0,3,0,0,0,5,0,5,3,0,3,0,0,0,0,0,0,0,0,0,0,0,0,4,0,4,0,0,0,0,0,0,0,0,0,0,0,0,0,0,0,0,0,0,0,0,0,0,0,0,0,0,0,0,0,0,0,0,0,0,0,0,0,0,0,0,0,0,0,0,0,0,0,0,0,0,0,0,0,0,0,0,0,0,0,0,0,0,0,0,0,0,0,0,0,28,4,29
RA29,86,46,36,81,64,39,101,38,32,73,43,37,84,237,188,425,47,56,105,43,24,61,45,31,76,45,20,63,52,34,87,219,169,390,37,25,65,40,31,68,32,31,68,36,34,66,34,24,50,170,141,311,24,25,51,22,10,35,26,14,40,17,8,23,19,8,31,112,62,174,15,8,15,7,4,16,7,11,15,15,8,24,8,7,9,48,32,78,32,16,45,5,24,26,3,3,8,0,3,3,0,0,0,4331,3238,7565
RA30,36974,16940,18199,35142,16559,17913,34472,15733,17392,33126,15463,16815,32279,82576,89415,171994,15386,16370,31751,14671,15934,30604,14124,15695,29819,14128,15765,29892,14202,15234,29433,72517,78988,151501,13748,15001,28751,13499,14780,28279,13277,14212,27497,13032,13961,26991,13796,14951,28747,67348,72914,140265,11490,12184,23676,10870,11749,22619,10131,11083,21205,8807,9694,18500,8819,9544,18364,50107,54252,104361,8006,8736,16744,7463,8383,15845,6990,7842,14828,6386,7243,13628,5868,7010,12877,34713,39211,73920,22093,28425,50518,13420,21194,34615,5277,10885,16170,1121,2921,4042,102,367,477,1446788,1510223,2957012
RA31,13717,6502,6809,13308,6398,6577,12975,6442,6655,13091,6247,6335,12581,32288,33390,65677,6052,6397,12448,6031,6356,12394,5929,6172,12101,6022,6001,12024,6032,6018,12047,30067,30945,61009,5929,5976,11902,5791,6116,11907,5888,5814,11707,5917,5773,11689,6226,5962,12189,29757,29646,59397,5138,5065,10208,5061,5100,10158,4627,4583,9216,4087,4150,8241,4068,4116,8184,22979,23020,45998,3653,3672,7322,3514,3398,6906,3038,3357,6392,2825,2902,5730,2613,2831,5439,15636,16155,31794,9736,11125,20867,5237,7320,12562,1827,3386,5209,359,901,1256,40,109,143,466384,475452,941836
RA32,9540,4748,4563,9315,4476,4392,8868,4533,4406,8943,4289,4185,8480,22853,22281,45137,4260,4177,8441,4211,3957,8168,3943,3969,7913,4102,3780,7885,3988,3572,7563,20510,19457,39968,4040,3573,7611,3812,3496,7307,3601,3295,6895,3517,3287,6801,3671,3263,6935,18637,16913,35551,3054,2677,5734,2897,2679,5577,2699,2477,5174,2310,2204,4514,2237,2157,4394,13190,12200,25391,2113,1996,4113,1929,1893,3818,1782,1698,3483,1582,1577,3163,1485,1471,2953,8886,8642,17531,5272,5550,10818,2786,3783,6564,870,1696,2570,202,438,639,24,53,79,336841,330793,667628
RA33,1028,516,452,965,541,472,1015,504,426,924,563,385,945,2691,2186,4883,483,413,894,431,377,807,462,362,822,449,336,784,423,338,760,2243,1820,4064,423,316,735,419,311,731,405,286,692,354,285,636,387,303,688,1981,1504,3484,323,228,550,290,222,513,276,240,522,242,182,422,243,171,413,1377,1036,2414,204,169,380,192,145,339,173,127,299,145,119,263,140,121,266,856,684,1547,446,410,853,202,241,447,70,105,179,15,22,31,0,8,12,37888,33441,71327
RA34,711,365,329,696,365,312,676,377,319,696,336,306,635,1815,1597,3410,363,306,674,318,234,553,313,238,554,293,271,563,273,226,493,1557,1276,2833,281,243,527,232,205,437,261,170,430,231,178,409,225,202,427,1228,994,2230,184,169,353,195,154,347,158,139,296,165,117,279,156,137,293,854,712,1570,149,110,261,122,91,216,115,87,200,89,76,166,76,76,152,550,439,992,290,304,588,136,202,344,51,75,129,11,17,27,0,3,5,26985,25740,52723
RA35,0,4,4,8,0,3,3,0,0,3,0,0,0,5,14,19,0,0,3,0,0,0,0,0,0,0,3,8,0,0,0,8,3,12,0,0,0,0,8,8,0,0,3,4,0,4,3,3,5,5,12,19,3,0,3,3,6,7,0,0,0,0,0,0,0,0,0,11,9,16,0,0,0,0,0,0,0,0,0,0,0,0,0,3,3,0,4,6,5,0,5,0,0,4,0,0,0,0,0,0,0,0,0,66,87,150
RA39,189,112,104,220,101,112,213,101,128,231,90,135,225,489,592,1080,133,143,270,141,126,272,142,130,271,134,119,251,111,119,226,660,639,1294,135,119,253,127,119,239,169,113,287,138,96,233,147,98,242,716,539,1253,126,69,196,88,57,146,86,51,138,56,49,103,48,29,83,403,254,661,57,22,77,39,31,69,35,33,67,20,17,40,29,15,46,177,118,295,53,34,82,11,8,24,4,8,17,0,3,3,0,0,0,6937,5572,12510
RA40,16446,7749,8221,15973,7551,8232,15785,7375,7861,15236,7173,7907,15086,37867,40645,78515,6908,7660,14565,6900,7365,14266,6535,7427,13958,6501,7358,13860,6443,7051,13487,33282,36862,70138,6297,7103,13398,6284,6854,13141,5992,6722,12717,6029,6642,12669,6430,7100,13532,31030,34428,65456,5202,5867,11075,4836,5536,10372,4522,5227,9748,4189,4883,9070,3998,4607,8605,22746,26125,48872,3652,4348,8005,3462,4332,7791,3429,4192,7624,3236,3966,7202,3126,3718,6846,16909,20555,37464,12251,16111,28360,7967,12430,20394,3267,6805,10072,647,1719,2361,72,196,262,601460,628829,1230284
RA41,3265,1570,1627,3200,1484,1672,3152,1561,1532,3090,1501,1548,3051,7791,7968,15759,1539,1593,3136,1496,1471,2961,1430,1562,2987,1501,1505,3011,1440,1553,2989,7407,7677,15085,1488,1640,3126,1469,1489,2958,1485,1450,2933,1451,1452,2899,1572,1590,3157,7458,7618,15069,1305,1329,2630,1225,1270,2501,1121,1233,2347,1035,1051,2084,1029,1019,2044,5708,5898,11611,875,943,1813,813,850,1663,795,818,1615,711,745,1458,677,708,1383,3864,4064,7929,2562,2761,5322,1474,2035,3511,525,1032,1555,113,270,384,11,25,36,105861,108653,214510
RA42,2805,1294,1328,2621,1372,1245,2617,1345,1238,2584,1257,1204,2462,6644,6436,13082,1364,1211,2577,1286,1216,2508,1328,1164,2495,1270,1273,2542,1258,1225,2487,6513,6094,12607,1220,1214,2439,1279,1225,2501,1296,1149,2445,1136,1090,2221,1273,1244,2512,6202,5916,12122,1010,1003,2012,1032,1051,2079,999,904,1899,851,822,1671,818,833,1652,4706,4606,9315,767,747,1510,708,722,1428,661,708,1371,567,658,1226,570,621,1183,3271,3450,6721,2061,2441,4500,1256,1726,2983,412,840,1254,81,253,335,3,34,37,87501,84907,172404
RA43,692,354,348,701,354,316,668,319,323,643,316,331,650,1714,1638,3355,327,315,644,334,283,611,339,274,606,346,281,629,305,272,580,1650,1419,3071,314,258,569,274,259,531,287,261,549,267,247,514,298,296,595,1432,1329,2760,242,200,435,246,215,464,238,226,463,213,191,405,200,192,392,1141,1023,2166,164,158,321,161,137,295,156,146,306,152,123,276,103,121,225,741,676,1415,456,541,1000,273,401,674,124,193,319,22,72,91,5,3,13,22353,20950,43300
RA44,220,95,96,185,95,84,181,97,86,183,122,90,209,524,456,974,115,95,205,116,75,189,76,75,157,128,76,198,100,66,168,535,385,920,81,61,137,91,76,163,77,56,140,80,50,133,84,45,123,407,286,695,58,42,104,74,56,131,52,37,84,62,48,110,50,33,86,307,210,516,50,24,80,38,27,60,40,22,64,43,21,63,27,16,42,196,116,309,84,74,162,48,66,110,27,28,54,3,3,5,0,0,0,7091,6188,13278
RA45,0,0,0,3,0,0,0,0,0,0,0,0,0,0,0,3,0,0,0,0,0,0,0,0,0,0,0,0,0,0,0,0,0,0,0,0,0,0,0,0,0,0,0,0,0,0,0,0,0,0,0,0,0,0,0,0,0,0,0,0,0,0,0,0,0,0,0,0,0,0,0,0,0,0,0,0,0,0,0,0,0,0,0,0,0,0,0,0,0,0,0,0,0,0,0,0,0,0,0,0,0,0,0,6,0,3
RA49,38,31,23,60,25,13,38,19,17,31,21,15,37,122,81,207,25,16,41,31,18,46,17,14,38,19,25,41,23,10,37,114,82,198,32,27,56,16,15,34,19,10,27,13,10,23,22,9,36,108,68,183,9,6,21,13,6,22,10,3,17,15,7,17,9,5,16,59,27,85,10,3,10,3,0,3,11,3,15,6,0,6,0,3,5,27,8,37,9,11,23,10,4,16,3,3,6,0,0,3,0,0,0,1734,1129,2863
RA50,23520,11184,11811,22991,10724,11309,22035,10453,11080,21528,10173,10887,21062,53970,57173,111138,10178,10709,20890,9511,10549,20065,9344,10241,19585,9137,10053,19194,9136,9520,18658,47319,51078,98391,8865,9291,18154,8455,9032,17483,8155,8892,17046,8366,8661,17029,8551,9101,17648,42398,44973,87364,6769,7097,13862,6330,6732,13055,6280,6657,12940,5434,5929,11355,5496,5890,11385,30302,32293,62602,4845,5608,10459,4693,5271,9967,4464,5091,9555,4155,4923,9080,3799,4546,8350,21957,25445,47404,14630,18995,33623,8674,13272,21945,3215,6668,9886,647,1808,2457,32,134,163,948475,968373,1916847
RA51,3247,1493,1545,3035,1540,1566,3113,1391,1590,2981,1467,1436,2899,7468,7806,15268,1538,1512,3047,1353,1429,2786,1383,1363,2751,1357,1365,2716,1316,1310,2630,6948,6981,13926,1419,1391,2814,1283,1344,2621,1333,1195,2523,1309,1208,2515,1353,1311,2663,6692,6453,13141,1067,982,2051,972,962,1928,979,905,1885,802,783,1581,838,798,1631,4648,4435,9086,699,730,1428,684,721,1403,629,651,1284,592,568,1156,542,576,1119,3151,3240,6392,1843,2214,4062,1002,1370,2372,370,645,1012,63,170,227,0,10,10,109338,107703,217037
RA52,2859,1320,1302,2625,1314,1351,2670,1368,1217,2588,1277,1203,2476,6728,6480,13208,1301,1262,2559,1227,1152,2384,1227,1156,2387,1192,1173,2365,1198,1191,2387,6143,5933,12080,1202,1105,2309,1131,1078,2215,1105,999,2106,1056,944,1998,1149,1014,2161,5638,5140,10778,828,848,1668,848,761,1608,856,763,1612,733,705,1438,740,771,1509,4002,3845,7845,684,565,1242,585,644,1234,586,617,1203,541,551,1089,453,462,914,2845,2842,5683,1793,1987,3781,1029,1207,2240,341,581,924,49,189,235,7,13,22,92652,90535,183178
RA53,1215,614,541,1154,614,451,1068,552,437,988,559,437,995,3006,2417,5422,535,446,976,472,408,883,421,372,791,429,317,746,396,332,728,2255,1867,4122,394,306,706,323,265,590,321,261,581,345,246,591,311,235,547,1697,1321,3017,269,175,452,213,197,404,206,203,408,179,189,374,216,139,353,1083,903,1991,161,151,312,163,142,304,130,108,234,130,119,250,123,108,232,700,622,1329,377,427,809,220,243,464,65,101,170,21,27,55,0,0,3,43934,39672,83602
RA54,965,531,408,942,534,333,872,510,282,790,450,308,756,2637,1686,4323,473,307,778,392,238,628,368,235,607,353,210,567,313,235,552,1905,1229,3131,318,192,506,246,160,413,213,147,362,217,166,383,206,140,347,1206,800,2008,169,139,310,158,103,257,128,92,226,106,78,189,141,80,216,700,493,1197,74,82,156,87,68,156,69,42,111,61,43,111,51,45,95,353,279,634,155,137,285,71,87,165,26,21,44,6,8,15,0,4,4,40080,27279,67357
RA55,7,6,0,5,4,0,4,7,0,7,0,0,5,27,0,27,4,0,3,5,0,5,3,0,3,0,0,0,3,3,3,17,3,15,0,0,0,3,0,3,0,0,0,0,0,0,0,0,0,4,0,4,0,0,0,3,0,3,0,0,0,0,0,0,0,0,0,3,0,3,0,0,0,0,0,0,0,0,0,0,0,0,0,0,0,3,0,3,0,0,0,3,0,3,0,0,0,0,0,0,0,0,0,408,26,434
RA59,128,48,44,88,53,31,85,55,46,105,62,38,103,287,216,500,60,53,109,42,49,89,54,46,103,49,44,92,51,36,84,256,218,474,60,25,88,70,57,124,51,37,95,46,26,72,40,28,63,273,176,442,26,23,51,23,21,41,30,18,42,22,16,37,9,8,18,108,83,191,19,6,23,12,5,17,9,6,14,3,3,9,6,3,5,43,24,72,9,15,22,7,8,8,3,6,4,0,3,3,0,0,0,3532,2415,5950
RA61,4930,2257,2481,4740,2217,2499,4720,2249,2342,4587,2134,2391,4523,11179,12322,23499,2189,2335,4526,2010,2214,4231,1935,2247,4184,2059,2191,4248,2001,2209,4212,10207,11192,21397,1924,2181,4098,1877,2097,3976,1786,1957,3749,1870,1972,3838,2070,2225,4295,9527,10435,19961,1548,1805,3355,1484,1728,3212,1524,1674,3196,1310,1418,2728,1222,1447,2665,7088,8066,15157,1149,1365,2513,1138,1296,2429,1026,1198,2227,971,1191,2159,870,1112,1984,5161,6164,11324,3391,4601,7995,2110,3263,5376,765,1767,2529,144,404,550,10,40,54,166403,177606,344005
RA62,2699,1266,1380,2647,1291,1273,2563,1313,1238,2548,1211,1260,2467,6402,6519,12921,1314,1241,2559,1249,1197,2443,1165,1236,2407,1220,1254,2478,1274,1163,2439,6237,6091,12325,1297,1173,2469,1236,1230,2464,1183,1200,2382,1177,1175,2347,1273,1147,2420,6157,5926,12084,1019,939,1952,907,923,1831,909,805,1717,823,750,1571,778,756,1533,4437,4173,8612,705,695,1399,633,605,1239,598,577,1173,534,548,1080,482,497,985,2950,2920,5873,1833,1925,3761,873,1206,2084,306,503,804,57,123,176,3,8,13,77235,77566,154807
RA63,158,58,60,118,65,62,126,85,72,158,77,68,153,362,341,703,78,57,133,75,63,143,85,65,141,59,76,138,88,72,164,386,337,717,81,58,147,63,48,105,57,68,129,65,54,116,77,61,137,349,285,638,46,58,98,70,49,118,60,45,107,42,43,83,42,31,77,264,223,483,48,23,75,36,25,66,22,22,48,29,26,54,17,26,40,154,128,283,87,95,180,38,39,76,11,21,37,0,6,6,0,0,0,3969,3711,7681
RA64,38,21,10,35,18,20,41,18,15,40,19,25,50,99,92,191,27,20,46,30,19,53,29,42,71,31,27,60,29,17,48,141,130,277,22,15,33,25,25,47,25,15,41,21,27,49,13,15,30,103,101,202,27,14,42,18,15,38,18,6,21,16,9,26,16,15,26,93,59,149,16,20,40,8,14,24,15,7,23,15,9,20,8,6,15,63,60,120,21,30,50,16,16,33,3,16,19,3,3,6,0,0,0,1298,1189,2487
RA65,0,0,0,0,0,0,0,4,0,3,0,0,0,4,0,4,0,0,0,0,0,0,0,0,3,0,3,4,0,0,0,3,0,3,0,0,0,0,0,0,0,0,0,0,0,0,0,0,0,0,0,0,0,0,0,0,0,0,0,0,0,0,0,0,0,0,0,0,3,4,0,0,0,0,0,0,0,0,0,0,0,0,0,0,0,0,0,0,0,0,0,0,0,0,0,0,0,0,0,0,0,0,0,49,21,68
RA69,11,9,10,15,7,3,8,4,3,12,0,4,4,28,25,55,5,6,8,0,6,13,5,7,9,7,3,17,5,7,12,24,30,58,8,8,13,11,10,22,5,9,8,3,3,7,6,3,12,34,31,62,9,6,10,0,3,3,0,0,3,7,0,5,0,0,3,12,13,22,0,0,0,4,3,6,0,3,6,0,0,0,0,0,0,4,3,7,3,0,7,0,0,0,0,0,3,0,0,0,0,0,0,524,393,912
RA72,1758,876,788,1661,814,709,1517,750,689,1441,683,714,1390,4048,3728,7777,752,621,1376,719,579,1298,639,610,1252,655,551,1211,620,509,1134,3388,2879,6266,538,507,1049,538,455,989,503,414,917,487,379,861,471,382,857,2539,2136,4674,368,306,669,341,255,591,283,261,544,241,216,458,257,219,472,1482,1253,2740,260,218,473,209,180,382,135,136,273,147,147,297,110,129,236,860,803,1660,387,418,805,202,245,441,59,91,149,11,19,32,0,0,0,71889,64939,136828
RA73,644,276,283,562,307,290,592,269,308,580,294,246,541,1462,1454,2923,282,274,554,280,260,539,256,215,476,249,198,448,196,197,392,1265,1144,2407,212,197,412,204,171,368,175,143,315,148,119,267,169,101,271,906,729,1638,118,122,233,114,80,195,97,84,181,93,100,192,91,70,159,505,455,961,90,65,152,86,73,156,51,39,88,48,39,90,44,37,82,319,255,571,111,164,277,70,111,181,15,34,49,3,9,11,0,0,0,22707,21919,44625
RA74,459,188,203,392,167,216,384,170,207,380,194,177,372,976,999,1975,210,241,450,140,155,294,124,136,260,126,127,250,140,111,250,737,766,1504,111,122,225,97,90,184,86,87,171,71,70,143,83,63,141,441,431,870,71,80,153,61,55,112,33,37,76,45,25,70,48,43,96,269,238,506,33,35,68,39,34,72,21,16,29,21,18,38,18,18,39,127,120,249,67,96,167,22,18,45,7,15,23,4,4,8,0,0,0,22585,22235,44819
RA75,3,0,0,0,0,0,0,0,0,0,0,0,0,0,0,0,0,0,0,3,0,3,0,0,0,0,0,0,0,0,0,3,0,3,0,0,0,0,0,0,0,0,0,0,0,0,0,0,0,0,0,0,0,0,0,0,0,0,0,0,0,0,0,0,0,0,0,0,0,0,0,0,0,0,0,0,0,3,3,0,0,0,0,0,0,0,3,3,0,0,0,0,0,0,0,0,0,0,0,0,0,0,0,61,14,70
RA79,38,23,31,51,20,31,51,24,16,40,22,10,25,110,100,215,19,26,48,19,21,42,21,23,45,29,26,54,22,16,46,118,107,223,29,10,43,21,24,47,23,6,36,12,21,32,29,4,32,119,67,189,16,15,28,12,6,22,11,6,14,8,0,8,13,8,17,56,30,86,6,9,8,5,0,5,4,3,8,8,0,8,0,0,5,24,8,30,3,0,3,0,0,0,0,0,0,0,0,0,0,0,0,1332,1157,2489
RA80,4762,2238,2358,4592,2106,2302,4415,2094,2267,4356,1997,2154,4149,10755,11520,22279,1947,2157,4106,1786,2032,3816,1823,1905,3729,1809,1973,3779,1711,1939,3652,9066,10012,19077,1645,1873,3518,1679,1762,3445,1604,1786,3386,1582,1788,3367,1673,1861,3536,8188,9063,17252,1412,1461,2870,1180,1358,2538,1101,1309,2411,1011,1159,2172,1022,1136,2158,5723,6426,12150,855,1066,1916,858,948,1801,793,896,1694,745,869,1617,642,848,1486,3892,4622,8518,2540,3289,5832,1554,2246,3802,621,1255,1878,135,287,422,14,39,52,195078,201114,396195
RA81,15,4,3,7,0,6,6,7,5,9,3,3,8,20,21,43,0,3,4,6,0,7,5,0,7,4,0,4,4,0,7,19,7,32,6,3,5,0,0,0,0,0,5,0,3,5,3,0,3,12,5,16,0,0,0,0,0,3,0,3,3,0,0,0,0,0,0,7,6,9,3,0,3,0,0,0,0,0,0,0,0,0,0,0,0,3,0,3,4,3,4,0,3,3,0,0,0,0,0,0,0,0,0,347,311,657
RA85,0,0,0,0,0,0,0,0,0,0,0,0,0,0,0,0,0,0,0,0,0,0,0,0,0,0,0,0,0,0,0,0,0,0,0,0,0,0,0,0,0,0,0,0,0,0,0,0,0,0,0,0,0,0,0,0,0,0,0,0,0,0,0,0,0,0,0,0,0,0,0,0,0,0,0,0,0,0,0,0,0,0,0,0,0,0,0,0,0,0,0,0,0,0,0,0,0,0,0,0,0,0,0,0,0,0
RA89,3,7,5,10,3,0,6,0,4,3,7,8,12,20,22,41,3,0,3,4,3,7,4,7,13,4,4,12,3,0,3,26,15,36,3,0,3,3,3,3,3,0,3,3,0,3,0,0,4,13,5,18,0,3,3,0,0,0,5,0,5,0,0,0,0,0,0,4,7,9,0,0,3,0,0,0,0,0,0,0,0,0,0,0,0,0,0,3,3,4,7,0,3,3,0,0,0,0,0,0,0,0,0,312,228,538
RA91,3,6,3,7,4,0,3,4,3,9,0,0,4,13,13,28,0,0,0,3,0,0,0,0,0,3,0,3,3,0,4,5,3,8,0,0,0,0,3,3,0,0,0,0,0,0,0,0,0,5,8,8,0,0,0,0,0,3,0,0,0,0,0,0,0,0,0,3,7,6,0,0,0,0,0,0,0,0,0,0,0,0,0,0,0,8,0,8,0,0,0,0,0,0,0,0,0,0,0,0,0,0,0,216,172,391
RA94,69,37,30,69,31,36,66,35,33,73,37,37,73,179,171,349,37,37,68,29,29,59,36,34,63,35,28,61,30,31,58,162,155,313,43,27,72,45,31,79,28,24,51,22,8,34,24,13,41,160,116,280,20,24,37,19,13,35,20,14,33,26,14,43,12,13,24,87,78,167,20,14,26,12,9,19,20,15,34,9,14,20,3,6,12,59,54,112,26,34,63,20,16,34,3,10,14,0,4,4,0,0,0,2215,1916,4133
RA95,0,0,0,0,0,0,0,0,0,0,0,0,0,0,0,0,0,0,0,0,0,0,0,0,0,0,0,0,0,0,0,0,0,0,0,0,0,0,0,0,0,0,0,0,0,0,0,0,0,0,0,0,0,0,0,0,0,0,0,0,0,0,0,0,0,0,0,0,0,0,0,0,0,0,0,0,0,0,0,0,0,0,0,0,0,0,0,0,0,0,0,0,0,0,0,0,0,0,0,0,0,0,0,3,0,6
RA99,0,0,0,0,0,0,0,0,0,0,0,0,0,0,0,0,0,0,0,0,0,3,0,0,0,0,0,0,0,0,0,3,6,7,0,0,3,0,0,0,0,0,0,0,0,3,0,3,0,4,6,10,0,0,0,0,0,0,0,0,0,0,0,0,0,0,0,0,0,0,0,0,0,0,0,0,0,0,0,0,0,0,0,0,0,0,0,0,0,0,0,0,0,0,0,0,0,0,0,0,0,0,0,21,28,55